{
  "name": "Execution Data",
  "nodes": [
    {
      "parameters": {},
      "id": "5c71e98b-0bf6-421f-8292-3081f18a8044",
      "name": "When clicking \"Execute Workflow\"",
      "type": "n8n-nodes-base.manualTrigger",
      "typeVersion": 1,
      "position": [
        -220,
        60
      ]
    },
    {
      "parameters": {
        "resource": "execution",
        "returnAll": true,
        "filters": {
          "workflowId": {
            "__rl": true,
            "value": "255",
            "mode": "list",
            "cachedResultName": "RSS to Slack (#255)"
          },
          "status": "error"
        },
        "options": {
          "activeWorkflows": false
        },
        "requestOptions": {}
      },
      "id": "4bce92e5-a014-424c-b359-7baef855a0ea",
      "name": "n8n",
      "type": "n8n-nodes-base.n8n",
      "typeVersion": 1,
      "position": [
        0,
        60
      ],
      "credentials": {
        "n8nApi": {
          "id": "vrzrj5ZTtmp5IdZ0",
          "name": "n8n account 2"
        }
      }
    },
    {
      "parameters": {
        "operation": "toFile",
        "fileFormat": "csv",
        "options": {
          "headerRow": true
        }
      },
      "id": "21645793-b04d-4a9d-ad21-64a116500e31",
      "name": "Spreadsheet File",
      "type": "n8n-nodes-base.spreadsheetFile",
      "typeVersion": 1,
      "position": [
        180,
        60
      ]
    }
  ],
  "connections": {
    "When clicking \"Execute Workflow\"": {
      "main": [
        [
          {
            "node": "n8n",
            "type": "main",
            "index": 0
          }
        ]
      ]
    },
    "n8n": {
      "main": [
        [
          {
            "node": "Spreadsheet File",
            "type": "main",
            "index": 0
          }
        ]
      ]
    }
  },
  "settings": {
    "executionOrder": "v1"
  },
  "staticData": null,
  "pinData": {},
  "triggerCount": 0,
  "meta": {
    "templateCredsSetupCompleted": true
  }
}