{
  "name": "My workflow",
  "nodes": [
    {
      "parameters": {},
      "type": "n8n-nodes-base.manualTrigger",
      "typeVersion": 1,
      "position": [
        0,
        0
      ],
      "id": "cb878e28-1d32-42ab-a8d7-5d12303f75db",
      "name": "When clicking ‘Test workflow’"
    },
    {
      "parameters": {
        "fileSelector": "/Users/sorabhvijvij/Downloads/ImageSearch",
        "options": {}
      },
      "type": "n8n-nodes-base.readWriteFile",
      "typeVersion": 1,
      "position": [
        220,
        0
      ],
      "id": "dfc57499-023b-4851-a68e-01d7a1ec48f2",
      "name": "Read/Write Files from Disk",
      "alwaysOutputData": true,
      "notesInFlow": false,
      "retryOnFail": true,
      "onError": "continueErrorOutput"
    }
  ],
  "connections": {
    "When clicking ‘Test workflow’": {
      "main": [
        [
          {
            "node": "Read/Write Files from Disk",
            "type": "main",
            "index": 0
          }
        ]
      ]
    }
  },
  "settings": {
    "executionOrder": "v1"
  },
  "staticData": null,
  "pinData": {
    "When clicking ‘Test workflow’": [
      {
        "json": {}
      }
    ]
  },
  "triggerCount": 0,
  "meta": {
    "templateCredsSetupCompleted": true
  }
}